phase,label,method,run_id,commit,seed,eval_examples,correct,accuracy,train_steps,rollouts_per_step,effective_rollouts,learning_rate,alpha,top_k,evidence_source
baseline,zero-shot-128,none,00bd45c0-1306-4fb9-a230-420a4f2e8b36,24f8927,20260728,128,108,0.843750,0,0,0,,,32,orx_logs
scale-smoke,direct-12x8,opd,c3fed138-4c07-4f94-ae33-a554e9d441f7,54dd220,20260728,128,107,0.835938,12,1,96,0.000002,,32,terminal_capture_in_exp_desc
scale-smoke,w2s-12x8,w2s,89e0b983-6b6c-4187-88be-b805ea77bd76,d1778d5,20260728,128,106,0.828125,12,1,96,0.000002,1.0,32,terminal_capture_in_exp_desc
alpha-sweep,w2s-alpha-0.5,w2s,52056168-d2df-40ca-b9e1-e1e99b74826a,57fea8e,20260728,128,104,0.812500,12,1,96,0.000002,0.5,32,orx_logs
alpha-sweep,w2s-alpha-1.25,w2s,c620384f-f281-4fc0-a9fb-c684d782fd3f,2f0478c,20260728,128,105,0.820312,12,1,96,0.000002,1.25,32,orx_logs
alpha-sweep,w2s-alpha-1.5,w2s,685e0ddc-9efd-4a51-8e48-f934ba091c21,e937870,20260728,128,103,0.804688,12,1,96,0.000002,1.5,32,orx_logs
alpha-sweep,w2s-alpha-2.0,w2s,d7ed9405-81bb-445e-97d7-51c5a5adfe83,c1a93da,20260728,128,104,0.812500,12,1,96,0.000002,2.0,32,orx_logs
small-horizon,w2s-3x8,w2s,d8c38298-f354-4067-bc67-fbc2efb1ec88,2d00c4f,20260728,128,101,0.789062,3,1,24,0.000002,1.0,32,orx_logs
small-horizon,w2s-6x8,w2s,0e4bcad1-a68f-4652-a190-d5936814723b,499ba93,20260728,128,109,0.851562,6,1,48,0.000002,1.0,32,orx_logs
small-horizon,w2s-9x8,w2s,2fb3e2ec-067d-46d3-91bf-abca2041c3bd,6d6d720,20260728,128,107,0.835938,9,1,72,0.000002,1.0,32,orx_logs
top-k,w2s-topk-16,w2s,4eed7edf-3708-4aa5-8c71-1948c0ff9db8,c69aa8f,20260728,128,106,0.828125,6,1,48,0.000002,1.0,16,orx_logs
top-k,w2s-topk-32,w2s,0e4bcad1-a68f-4652-a190-d5936814723b,499ba93,20260728,128,109,0.851562,6,1,48,0.000002,1.0,32,orx_logs
top-k,w2s-topk-64,w2s,f3f24880-870d-4afe-a8d9-d72e60134d2e,2df6f3f,20260728,128,107,0.835938,6,1,48,0.000002,1.0,64,orx_logs
top-k,w2s-topk-128,w2s,e3162a34-4093-45b7-80f9-b18f670976d3,453f404,20260728,128,104,0.812500,6,1,48,0.000002,1.0,128,orx_logs
seed-check,baseline-seed-20260729,none,85190bdc-3a76-42b9-96d8-91cceec62a3c,c05f614,20260729,128,108,0.843750,0,0,0,,,32,orx_logs
seed-check,baseline-seed-20260730,none,4c65af94-b996-41f2-a696-d4ac6bfd79a6,ba210ec,20260730,128,104,0.812500,0,0,0,,,32,orx_logs
seed-check,w2s-seed-20260729,w2s,1f389552-d551-4a04-8ec0-2b5460604bf7,f34fa02,20260729,128,107,0.835938,6,1,48,0.000002,1.0,32,orx_logs
seed-check,w2s-seed-20260730,w2s,c7074730-a830-453b-acce-edbcc5ec011e,5b37e1a,20260730,128,105,0.820312,6,1,48,0.000002,1.0,32,orx_logs
seed-check,direct-seed-20260728,opd,1580e428-e0f6-43d4-8b73-33ce59a93d57,31fcd35,20260728,128,108,0.843750,6,1,48,0.000002,,32,orx_logs
seed-check,direct-seed-20260729,opd,2ffcf14b-b035-43e8-8666-0f4cf6c52b54,5bd35db,20260729,128,109,0.851562,6,1,48,0.000002,,32,orx_logs
seed-check,direct-seed-20260730,opd,c336663c-d26a-4f5d-93af-cd73f1c3052c,edad488,20260730,128,108,0.843750,6,1,48,0.000002,,32,orx_logs
evaluation-512,zero-shot,none,1cab7840-7426-4865-a9bd-7243bc7148f4,0570c64,20260728,512,434,0.847656,0,0,0,,,32,orx_logs
evaluation-512,direct-6x8,opd,a23f4d6c-e5c1-46c2-a090-d7ef915b3b97,aee2e62,20260728,512,429,0.837891,6,1,48,0.000002,,32,orx_logs
evaluation-512,w2s-6x8,w2s,a3edb3e7-ecb9-48c8-b1f3-e0ac2c9b748f,a3e124a,20260728,512,427,0.833984,6,1,48,0.000002,1.0,32,orx_logs
horizon-64,direct-12x64,opd,7ee72428-148e-4aa8-95a0-6bf7417b2301,cd5dc77,20260728,512,427,0.833984,12,8,768,0.000002,,32,orx_logs
horizon-64,w2s-12x64,w2s,a528aef7-6537-4033-b2d4-1e989df7e312,d270ce0,20260728,512,428,0.835938,12,8,768,0.000002,1.0,32,orx_logs
horizon-64,direct-18x64,opd,f567a1f5-22a7-431d-a1c1-13b874fef4ca,08ead52,20260728,512,423,0.826172,18,8,1152,0.000002,,32,orx_logs
horizon-64,w2s-18x64,w2s,99d235b7-3953-49e6-a111-66a4416ee4e7,edb8574,20260728,512,426,0.832031,18,8,1152,0.000002,1.0,32,orx_logs
horizon-64,direct-25x64,opd,29931a93-4864-48d0-9fee-66bc8835cd94,3415973,20260728,512,430,0.839844,25,8,1600,0.000002,,32,orx_logs
horizon-64,w2s-25x64,w2s,30d48502-7279-4907-aae5-78d5e6a87384,db383de,20260728,512,429,0.837891,25,8,1600,0.000002,1.0,32,orx_logs
horizon-64,direct-32x64,opd,ecfbdfb1-ecd2-4e4d-a1d5-1fc7f846ef6a,1e64622,20260728,512,426,0.832031,32,8,2048,0.000002,,32,orx_logs
horizon-64,w2s-32x64,w2s,0646de0c-4a99-483f-b81f-cff7191f4d93,8d784a1,20260728,512,422,0.824219,32,8,2048,0.000002,1.0,32,orx_logs
horizon-64,direct-100x64,opd,3e396f8d-4cef-4ff4-80d9-b18f670976d3,7f6d7ec,20260728,512,418,0.816406,100,8,6400,0.000002,,32,orx_logs
horizon-64,w2s-100x64,w2s,c50f248e-0b57-4113-8c36-82a2b8ae9d90,da022e0,20260728,512,424,0.828125,100,8,6400,0.000002,1.0,32,orx_logs
lr-sweep,direct-lr-1e-6,opd,2c6131e6-8ce9-4e9c-867f-e836a2284b1f,e6b0d23,20260728,512,423,0.826172,25,8,1600,0.000001,,32,orx_logs
lr-sweep,w2s-lr-1e-6,w2s,b13cd05d-d11e-42c4-97ab-d333b65f5930,ee3ceb1,20260728,512,425,0.830078,25,8,1600,0.000001,1.0,32,orx_logs
lr-sweep,direct-lr-4e-6,opd,063dd8e0-c408-42a1-b079-54892cc008b6,c35c339,20260728,512,423,0.826172,25,8,1600,0.000004,,32,orx_logs
lr-sweep,w2s-lr-4e-6,w2s,7606406a-ea98-4d75-b816-7fb28539c60a,ac7e494,20260728,512,434,0.847656,25,8,1600,0.000004,1.0,32,orx_logs
